building,day,kwh,occupancy,over_budget
Great Hall,2026-07-15,654.3,13,0
JQB,2026-08-03,519.2,43,1
Balme Library,2026-10-01,191.5,18,0
Great Hall,2026-09-16,47.1,32,1
CS Department,2026-08-01,424.5,8,0
Great Hall,2026-07-18,597.8,7,0
Balme Library,2026-08-21,344.5,74,1
Balme Library,2026-10-01,197.8,80,1
Akuafo Hall,2026-09-05,471.5,47,0
JQB,2026-09-20,409.5,49,0
Akuafo Hall,2026-09-15,601,24,1
CS Department,2026-09-21,182.7,25,0
Balme Library,2026-07-14,727.8,15,1
Legon Hall,2026-07-09,222.9,23,0
CS Department,2026-09-25,282.7,35,0
Great Hall,2026-08-12,493.3,3,0
JQB,2026-08-03,790.3,31,0
JQB,2026-09-22,701.9,1,1
Great Hall,2026-08-26,563.8,40,1
Balme Library,2026-07-17,285.5,23,0
Balme Library,2026-08-13,319.3,64,1
Legon Hall,2026-07-29,175,11,0
JQB,2026-09-03,706.9,2,1
JQB,2026-09-03,755.6,43,1
JQB,2026-08-04,280.8,69,0
Great Hall,2026-08-20,105.4,79,0
Legon Hall,2026-07-30,891.1,56,1
CS Department,2026-07-08,832.9,41,1
Great Hall,2026-09-22,600.2,73,1
JQB,2026-07-29,332.3,32,0
JQB,2026-10-02,43.2,10,1
Legon Hall,2026-08-17,898.7,76,0
CS Department,2026-08-27,668.4,70,0
Balme Library,2026-09-08,523.6,66,1
Balme Library,2026-08-16,215.1,49,0
Akuafo Hall,2026-10-03,36.1,40,1
Balme Library,2026-09-08,198.6,65,1
Balme Library,2026-08-13,244.5,53,0
JQB,2026-08-05,599.3,29,1
CS Department,2026-09-18,801.2,22,0
Akuafo Hall,2026-08-26,442.1,75,0
Balme Library,2026-09-22,247.1,12,1
Balme Library,2026-08-01,106.5,45,1
Great Hall,2026-07-27,95.8,73,1
Akuafo Hall,2026-08-12,413.8,16,0
Legon Hall,2026-09-20,429.3,50,1
JQB,2026-09-04,312.9,5,1
CS Department,2026-08-29,142.5,38,0
Legon Hall,2026-08-15,726.6,30,1
CS Department,2026-08-22,40,45,0
JQB,2026-08-11,630,20,1
Great Hall,2026-07-17,742,36,0
Great Hall,2026-09-24,517.7,55,0
Balme Library,2026-08-07,563.6,37,1
Akuafo Hall,2026-09-12,703.9,38,1
JQB,2026-09-14,369,6,0
Balme Library,2026-09-11,772.3,47,0
CS Department,2026-10-04,470.4,79,0
Akuafo Hall,2026-09-07,714.2,52,0
Akuafo Hall,2026-07-30,759.2,71,1
Great Hall,2026-07-25,146.1,2,1
Balme Library,2026-07-08,746.7,71,1
JQB,2026-09-24,822.7,54,0
Legon Hall,2026-08-22,759.5,53,1
JQB,2026-08-09,67.4,62,1
CS Department,2026-07-13,618.6,56,0
Akuafo Hall,2026-08-27,571.8,52,1
Akuafo Hall,2026-07-26,327.8,12,1
Legon Hall,2026-08-28,62.4,21,0
JQB,2026-09-14,523.1,71,1
Balme Library,2026-08-09,145.9,62,0
Akuafo Hall,2026-08-16,265.5,14,1
Great Hall,2026-08-02,578.1,78,1
Balme Library,2026-09-08,459,33,0
Legon Hall,2026-08-30,893.9,44,1
Balme Library,2026-09-22,97.9,20,1
Balme Library,2026-08-04,579.1,76,1
CS Department,2026-09-03,193.5,73,0
Balme Library,2026-08-27,157.8,49,1
CS Department,2026-08-25,851.3,52,1
Balme Library,2026-08-05,574.6,26,0
JQB,2026-08-31,747.7,54,1
Great Hall,2026-09-22,197.9,12,0
Balme Library,2026-08-15,520.2,7,1
Legon Hall,2026-08-29,125.6,13,1
JQB,2026-09-07,284.2,18,1
JQB,2026-08-07,788.3,39,1
CS Department,2026-08-27,167.8,37,0
CS Department,2026-08-31,242.9,17,0
Akuafo Hall,2026-08-11,143.5,36,0
CS Department,2026-09-08,140.8,37,1
CS Department,2026-08-22,59.6,75,1
JQB,2026-07-22,135.1,39,1
Great Hall,2026-08-13,785.1,27,0
Balme Library,2026-09-15,242.4,78,1
Great Hall,2026-07-25,347.2,51,1
Akuafo Hall,2026-08-07,484,34,1
Akuafo Hall,2026-09-16,133.4,4,1
CS Department,2026-08-28,16.7,11,0
JQB,2026-09-03,194.6,57,1
JQB,2026-09-08,872.6,44,0
Akuafo Hall,2026-08-13,734,77,0
CS Department,2026-07-15,441.3,14,1
Balme Library,2026-09-02,876,10,1
Legon Hall,2026-08-02,744.6,21,0
Balme Library,2026-09-22,182.4,75,0
Akuafo Hall,2026-07-29,781.7,71,0
Balme Library,2026-07-25,130.4,3,1
CS Department,2026-09-11,529.5,3,0
JQB,2026-08-17,153,79,0
CS Department,2026-10-05,490.3,28,0
Legon Hall,2026-07-29,431,37,1
JQB,2026-08-04,199.2,22,0
CS Department,2026-08-31,273.6,5,0
CS Department,2026-08-08,826.9,17,0
Akuafo Hall,2026-07-19,636.5,72,0
Akuafo Hall,2026-08-15,572,71,0
Akuafo Hall,2026-07-11,670,52,1
CS Department,2026-07-19,416.1,1,0
Great Hall,2026-07-16,670.8,63,1
