junction_id,hour,rain_mm,temp_c,vehicles
9,0,401.7,27.8,162.8
7,9,99.4,31.6,431.3
2,20,872.5,22.3,293.4
4,2,527.4,32.9,429.9
7,23,432,28.1,287.4
4,11,272.3,22.6,77.6
8,5,866.5,25.2,133.8
6,12,83.8,32.8,267.5
12,12,737.5,22,555.9
2,18,103.7,23.2,751.9
11,11,796.5,30,23.9
8,23,691.9,30.9,533.4
9,2,395.9,28.7,264.3
9,7,459.2,27.8,5
12,8,799.2,22.1,604.7
8,7,405.6,26.6,173.7
9,9,745.4,22.9,268.2
1,11,327.2,33.2,585.5
7,12,877.2,26.2,218.8
11,0,389.3,22.8,409.8
6,18,416.7,31.9,414.4
4,23,52.9,25,790.3
2,23,874.7,33.2,499.3
7,21,300.5,33.6,803.5
2,13,449.5,32.3,294.6
7,7,888.3,24.7,118.5
12,17,69.6,23,550.2
10,15,349.6,30.8,503.9
11,5,663,32.5,646.7
11,23,891.3,27.1,633.3
12,4,86.1,22.4,584.6
5,15,532.7,33.9,357.2
6,14,761.1,33.1,687
11,20,609.8,22.1,157.7
10,12,844.5,29.2,336.4
3,13,567.1,29,548.7
2,4,668.6,24.4,603.3
7,14,108.4,32.2,301.4
7,15,117.8,26.6,109.6
10,5,371,23.7,546
8,16,706.4,33.5,790.3
3,19,467.9,27.1,359.1
7,20,290,30.1,324.5
6,5,397.7,33.1,731.8
7,13,501.4,27.8,763.9
10,12,411.4,27,760
9,9,364.6,30.9,359.3
2,6,541.1,33.2,508.1
3,17,829.5,24.5,721.9
4,6,20.3,23.5,282.5
11,0,694.5,25.6,282.6
1,2,205.2,32.1,470.3
8,2,581.3,27.2,685.6
6,20,375.4,28.1,443.6
7,2,783.1,32.5,287.4
11,23,240.4,33.5,685.3
4,8,661.9,33.8,405.2
6,2,760.3,27.3,505.7
5,0,792.8,26.6,258.6
2,13,596.1,22.5,482.5
9,5,757,29.6,472.9
1,20,747.2,22.9,614
9,1,734.9,23.8,31.8
3,6,589.8,31.6,359.5
9,9,638.8,29.7,296.2
9,11,572.6,24.6,41.4
9,20,86.4,30.3,589.7
8,14,855.5,31.3,173
7,11,143.1,29.6,564.3
10,14,372.5,33.3,2.9
4,20,883.3,29.9,821.2
12,16,624.7,23.6,41.6
3,3,653.3,25,606.1
3,5,791.2,33.3,861.7
9,21,388.1,26.4,377.8
7,0,103.9,33.8,115.8
4,5,61.4,32.9,529.9
4,4,526,22.6,157.8
12,3,383.2,23.4,609.1
8,6,838.5,31.4,581.2
6,2,319.9,26.2,105.8
9,1,434.1,24,160.2
9,16,97.6,33.6,856.2
11,0,278.7,25,533
12,13,698.2,25,892.4
4,4,214.2,33,253
11,15,407.9,23.2,846.7
12,15,861.8,32.4,660.3
2,20,877.4,33.4,372.8
1,10,275.7,33.8,855
4,17,8,24.1,824.7
12,20,783.1,30.2,71.6
12,9,365.8,30.7,478
6,22,841.4,25.4,469
11,1,216.7,31.4,411.1
8,13,244.3,25.6,575.8
8,15,675.2,31.6,209.4
2,16,112.7,30.4,887.3
8,12,143,23.4,438.3
5,9,782.4,27.2,316.1
12,14,493.6,30.2,60.3
9,15,728.8,28.9,8.1
8,19,603,28.5,6.2
12,21,378.4,23.8,394.4
6,8,549.7,27,506.2
12,11,754.6,27,678.8
4,17,783.4,30.2,622.9
8,22,318.8,28.5,597.1
10,21,126.2,24.8,282.9
2,20,348.9,27.6,666.7
9,6,652.6,33.5,181.7
8,9,504.9,23.2,142.9
5,2,533.8,31.7,209.5
3,16,742.6,29.2,120.3
3,0,375.8,25.9,856.8
3,10,838.6,29.5,772.8
5,10,457.9,24,600.6
2,15,31.1,26.5,182.3
5,20,665.9,26.8,451
6,23,661.8,33.9,439.5
