farm_id,region,soil_ph,rain_mm,tree_age,high_yield
1,Western,6.5,400.9,61,0
2,Central,7.4,303.5,60,0
3,Greater Accra,7,477.7,23,0
4,Western,6.4,884,59,0
5,Greater Accra,4.5,899.3,54,0
6,Central,5.1,53.9,41,1
7,Volta,6.8,444.9,45,0
8,Central,4.8,797.1,19,0
9,Eastern,5.6,457.8,62,0
10,Ashanti,6.3,636.7,33,1
11,Central,7,117.5,61,1
12,Volta,5.1,341.5,75,1
13,Central,6.9,676.8,44,1
14,Volta,7,208.4,19,1
15,Eastern,6,402.1,5,0
16,Volta,5,296.3,28,0
17,Ashanti,7.2,482.1,39,0
18,Greater Accra,6.7,301.3,1,1
19,Eastern,7,172.1,31,0
20,Western,6.6,385.4,46,1
21,Western,7.4,592.9,56,0
22,Western,7.1,647,2,0
23,Central,6.9,130.6,39,0
24,Western,6,351.7,71,1
25,Volta,5.1,693.3,60,0
26,Volta,7,260.8,31,0
27,Volta,5.1,452.9,48,0
28,Western,7.1,36.6,26,1
29,Central,7.4,464.8,25,0
30,Central,5.9,443.8,71,1
31,Greater Accra,6.3,314.6,26,0
32,Volta,6.7,134.2,64,0
33,Western,6.3,509.7,39,1
34,Volta,6.3,486.5,61,0
35,Greater Accra,4.6,189.9,50,0
36,Greater Accra,6.2,845.6,25,0
37,Greater Accra,5.8,554.5,39,0
38,Eastern,7,208.5,54,0
39,Central,4.6,170.6,5,1
40,Volta,6.1,722.1,13,0
41,Greater Accra,6.2,745.8,47,0
42,Eastern,5.4,512.2,40,0
43,Ashanti,6.5,219.5,17,0
44,Ashanti,5,601.1,42,1
45,Western,6,398.3,80,0
46,Ashanti,4.8,873.7,34,0
47,Eastern,4.9,511.3,38,0
48,Ashanti,4.9,867.2,53,0
49,Greater Accra,4.9,94.9,1,0
50,Central,6.3,422.2,3,1
51,Greater Accra,7.2,100.3,47,1
52,Eastern,5.7,435.9,29,0
53,Ashanti,4.6,442.3,30,1
54,Volta,5.7,212.3,20,1
55,Greater Accra,7.5,210.3,21,1
56,Eastern,6.4,128.9,51,0
57,Ashanti,6,29.7,77,1
58,Central,7.4,92.3,51,0
59,Ashanti,6.2,730,25,1
60,Central,7.3,53.2,20,0
61,Eastern,6.5,524.1,64,0
62,Volta,5.2,627.3,14,0
63,Central,4.8,898.9,11,0
64,Western,5,875,5,1
65,Ashanti,6.5,395.7,74,0
66,Central,4.9,825.2,26,0
67,Central,5.6,30.1,12,0
68,Eastern,5.4,472.1,69,0
69,Volta,5.8,380,16,0
70,Central,5.8,643,63,1
71,Eastern,5.7,842,25,0
72,Eastern,4.5,203.8,40,0
73,Greater Accra,6.1,735.2,63,0
74,Ashanti,5.7,296.7,52,1
75,Ashanti,7.4,316.7,42,0
76,Ashanti,6,306.5,20,0
77,Central,6.7,635.6,1,0
78,Eastern,5.9,390.9,46,1
79,Central,5.5,179,78,1
80,Eastern,4.6,838.5,65,1
81,Greater Accra,6.9,711.7,44,0
82,Volta,6.1,724.9,59,1
83,Ashanti,5.7,342.4,62,0
84,Volta,4.7,780.6,27,0
85,Central,6.5,380.4,49,1
86,Central,6.5,849.4,67,1
87,Western,4.5,676.2,47,0
88,Ashanti,7.3,319.3,10,1
89,Greater Accra,6.2,374.8,75,1
90,Greater Accra,4.9,847.5,62,1
91,Central,4.5,810.7,60,1
92,Greater Accra,6.8,425,69,1
93,Ashanti,6.9,12.6,72,1
94,Greater Accra,5.1,561.3,42,0
95,Western,6,68.3,15,0
96,Central,5.1,733.9,74,0
97,Eastern,7.2,836.5,17,1
98,Central,6.1,650.1,35,1
99,Eastern,5,560.5,74,1
100,Ashanti,4.8,325.2,4,0
101,Volta,6.1,454.2,36,1
102,Central,4.7,85.3,16,0
103,Volta,5.4,362.4,5,0
104,Eastern,5.6,876.4,36,0
105,Central,7,612.9,66,0
106,Greater Accra,5.9,542.1,61,0
107,Central,4.7,604.7,68,1
108,Greater Accra,6.3,316.4,23,1
109,Central,6.9,163.2,40,0
110,Eastern,5.7,566.2,14,0
111,Central,7.2,384.6,80,0
112,Western,6.9,491.6,73,1
113,Ashanti,5.2,391.1,46,0
114,Volta,6.5,742.1,3,1
115,Ashanti,5.6,533.1,64,1
116,Eastern,4.9,543.2,39,1
117,Eastern,6.7,170.3,10,0
118,Ashanti,5.8,725.5,33,1
119,Volta,7,177.8,29,1
120,Western,6.4,688.6,39,0
