district,week,rain_mm,temp_c,cases
Tolon,2026-08-21,486.7,23,129
Savelugu,2026-07-14,79.2,25,137
Gushegu,2026-08-03,802.9,31.2,70
Kumbungu,2026-09-23,240.7,31,106
Kumbungu,2026-09-29,343.3,33,126
Savelugu,2026-09-07,501.2,22.3,69
Tamale,2026-07-25,790.7,29.8,367
Savelugu,2026-08-23,225.9,27.7,196
Yendi,2026-09-28,605.6,22.8,267
Kumbungu,2026-10-02,561.2,22,165
Tolon,2026-08-30,430.4,23.4,74
Tolon,2026-10-03,300.5,28.2,47
Gushegu,2026-07-18,386.6,28.9,151
Yendi,2026-08-29,2.4,28.2,117
Kumbungu,2026-09-22,441.6,25.2,135
Savelugu,2026-07-29,876.2,27.8,34
Tamale,2026-09-17,747.6,28.2,92
Gushegu,2026-07-27,798.1,28.3,36
Savelugu,2026-07-30,557.5,31.4,316
Savelugu,2026-09-11,693,30.1,398
Tamale,2026-09-03,894.9,30.6,161
Tolon,2026-08-29,826.3,25,387
Tolon,2026-08-17,764.9,26.4,222
Savelugu,2026-08-21,346.9,22.6,90
Yendi,2026-08-24,561,27.7,87
Tolon,2026-08-27,897.3,23.1,257
Tamale,2026-07-23,183.6,26.4,395
Tamale,2026-09-07,765,27.8,229
Kumbungu,2026-08-01,207.9,33.4,117
Yendi,2026-07-27,546.1,33,183
Savelugu,2026-08-23,858.2,30.3,325
Kumbungu,2026-07-31,820.8,24,236
Yendi,2026-09-30,531.4,32,147
Yendi,2026-08-19,651.6,23,131
Gushegu,2026-09-17,410.9,28.7,242
Yendi,2026-08-22,716.6,33.5,216
Tolon,2026-09-26,143.3,24.1,104
Savelugu,2026-10-01,116.9,31.2,148
Yendi,2026-07-11,602.4,32.8,53
Tolon,2026-07-29,247.3,24,42
Yendi,2026-07-22,97.9,29.2,104
Savelugu,2026-08-09,621.7,29.6,177
Kumbungu,2026-07-11,77.1,23.5,87
Gushegu,2026-08-04,581,33,360
Tamale,2026-09-02,221,30.2,77
Kumbungu,2026-09-03,257.7,27.1,203
Savelugu,2026-09-14,558.5,32.9,184
Tamale,2026-07-16,123.9,26.6,241
Tolon,2026-08-02,242.3,33.6,148
Kumbungu,2026-09-03,666.2,34,139
Tolon,2026-09-15,866.3,26,294
Gushegu,2026-10-01,590.8,33.7,291
Kumbungu,2026-07-21,288.9,28.8,254
Gushegu,2026-09-01,165.7,30.2,250
Tamale,2026-08-17,395,27.3,158
Savelugu,2026-08-20,91.4,29.7,199
Yendi,2026-08-05,484.2,26,54
Tamale,2026-07-20,476.5,27.6,303
Gushegu,2026-07-18,300.4,25.1,298
Yendi,2026-08-10,173.6,25,327
Savelugu,2026-09-28,572.9,31.9,247
Tamale,2026-08-24,483,26.8,51
Tolon,2026-09-09,608.8,26.4,276
Kumbungu,2026-08-28,18.7,25.8,234
Tolon,2026-09-27,623.8,27.2,106
Tamale,2026-09-21,626,27.6,369
Tamale,2026-08-03,105,30.1,265
Yendi,2026-07-26,834.6,22.7,290
Tolon,2026-07-12,898.5,25.4,223
Savelugu,2026-07-23,776.6,30.3,139
Savelugu,2026-07-13,420.5,27.4,325
Savelugu,2026-07-22,150.4,23.7,334
Savelugu,2026-09-30,741.7,32,283
Gushegu,2026-08-09,381.4,22.8,309
Yendi,2026-09-24,416.9,31.9,38
Tamale,2026-07-15,268.3,28.5,59
Yendi,2026-09-06,273.2,32.2,127
Savelugu,2026-07-13,170,28.1,93
Gushegu,2026-09-19,431.6,32,349
Tolon,2026-09-07,630.1,30.5,48
Gushegu,2026-07-15,216.3,31,216
Yendi,2026-08-26,400.2,33.3,399
Kumbungu,2026-07-19,639.4,24.3,247
Gushegu,2026-10-03,355.1,31.5,353
Gushegu,2026-09-18,730.2,33.7,118
Tolon,2026-07-10,63.8,33.4,201
Savelugu,2026-09-25,333.9,29.3,365
Kumbungu,2026-07-19,672.3,30.4,109
Kumbungu,2026-07-24,172.6,25.3,220
Tolon,2026-08-21,37.6,25.7,37
Yendi,2026-08-27,136.6,24.9,229
Tamale,2026-10-01,299.7,30.4,147
Gushegu,2026-08-23,301.4,32.4,327
Gushegu,2026-08-03,399.3,28.9,86
Savelugu,2026-08-17,442.3,28.8,392
Savelugu,2026-07-24,328.7,26.8,301
Kumbungu,2026-09-08,353.3,24,200
Tamale,2026-09-23,455.5,23.4,103
Kumbungu,2026-09-15,865.3,31.1,393
Tolon,2026-09-04,261.3,26.3,122
Tamale,2026-09-15,593.9,27.8,320
Yendi,2026-07-13,736.2,31.6,46
Tamale,2026-07-27,350.6,27.6,317
Savelugu,2026-09-30,310.6,33.6,301
Tolon,2026-07-12,893.9,27.8,259
Tamale,2026-08-22,375.6,30.6,107
Tamale,2026-07-19,826.4,22.9,305
Yendi,2026-09-11,356.1,24.4,273
Savelugu,2026-08-30,326.8,30.5,258
Savelugu,2026-07-20,624.3,28,393
Yendi,2026-08-20,133.8,26.3,102
Tolon,2026-10-07,127.9,23.2,178
Yendi,2026-09-07,742.1,28,263
Gushegu,2026-08-20,222,23,57
Kumbungu,2026-08-16,742.9,28.9,94
Tolon,2026-09-22,170.7,33.4,100
Kumbungu,2026-07-14,656,27.3,80
Gushegu,2026-07-25,3.9,33.8,293
Tolon,2026-08-20,238.1,32.7,286
Yendi,2026-08-27,403.2,28,66
