farm_id,soil_ph,nitrogen,potassium
1,6.1,72,76
2,5.1,73,57
3,5.6,52,50
4,4.9,24,51
5,5.4,80,39
6,6.9,77,35
7,5.4,50,2
8,5,29,51
9,4.8,4,17
10,4.8,5,17
11,4.6,76,38
12,5.9,15,35
13,4.5,68,54
14,7.3,39,65
15,4.6,45,71
16,6,41,74
17,5.5,49,8
18,7.5,31,36
19,6.5,48,21
20,5.4,61,7
21,7.3,55,49
22,5.1,30,19
23,5.1,66,3
24,7.2,78,46
25,6.8,57,43
26,7,70,76
27,7.2,3,26
28,4.6,55,22
29,7.4,40,14
30,6.5,24,30
31,7.3,32,38
32,7.4,44,17
33,5.1,10,45
34,5.2,22,6
35,4.6,38,38
36,6.9,36,21
37,6.8,16,29
38,6.7,49,8
39,7.1,62,9
40,5,63,9
41,6.2,74,80
42,7,72,10
43,7.2,42,64
44,5.3,31,18
45,7.3,14,71
46,5.7,37,49
47,4.9,21,39
48,6.6,61,35
49,4.9,11,51
50,7.2,65,73
51,5.4,32,67
52,4.6,73,78
53,7.3,49,19
54,7.4,16,1
55,4.7,57,25
56,4.6,69,23
57,5.9,77,4
58,4.8,44,68
59,6.3,20,40
60,4.9,68,60
61,6.9,18,73
62,5.9,37,52
63,5,2,53
64,6.2,39,61
65,5.1,12,67
66,6.4,21,72
67,5.6,56,76
68,6.8,21,39
69,6.1,33,28
70,4.8,26,26
71,6.8,15,10
72,6.4,50,1
73,5,73,52
74,6.9,33,74
75,5.3,63,2
76,7.3,3,2
77,6.6,11,9
78,5.9,30,63
79,5,1,5
80,5,61,71
81,6.7,50,27
82,5.7,1,40
83,6,27,79
84,6.4,61,24
85,5.6,44,58
86,6.4,67,2
87,6.5,72,73
88,6.6,3,79
89,7,73,23
90,4.7,56,47
91,7.5,47,61
92,5.7,67,34
93,5.7,8,77
94,4.5,46,54
95,5.4,4,45
96,7.1,17,27
97,7.3,11,71
98,7,76,8
99,5.8,27,77
100,6.4,76,69
101,7.5,80,80
102,5.9,79,56
103,5.2,38,70
104,6.6,62,56
105,7.3,56,39
106,6.6,74,17
107,6.3,57,55
108,4.6,62,63
109,6.5,31,6
110,6.9,17,43
111,7.2,29,33
112,4.9,22,49
113,5.8,58,43
114,5.4,16,54
115,6.4,8,49
116,6.3,10,56
117,4.8,32,66
118,6.3,73,39
119,6,7,75
120,7,56,35
121,4.6,18,56
122,4.6,58,13
123,5.8,77,48
124,4.7,17,46
125,6.4,16,1
126,5.5,79,36
127,6.1,7,62
128,7.1,49,23
129,6.5,20,37
130,5.4,43,30
131,5.7,46,44
132,6.1,35,35
133,6.5,49,34
134,7.2,11,74
135,6.4,29,22
136,5.6,7,43
137,5.1,18,37
138,6.7,75,5
139,6.2,72,8
140,7.4,65,23
141,5.5,79,48
142,5.7,69,52
143,4.9,63,14
144,4.5,57,65
145,7.4,47,57
146,7.4,64,77
147,5.3,74,66
148,5.8,51,13
149,6,23,46
150,4.5,37,30
151,4.9,45,51
152,5.1,35,40
153,6.9,31,76
154,6.2,47,38
155,4.5,41,12
156,6.8,74,73
157,7.4,39,61
158,7.3,10,49
159,4.9,34,3
160,5.6,47,43
161,5.3,6,59
162,5.6,15,51
163,4.7,77,36
164,6.2,75,12
165,4.8,15,41
166,7,44,33
167,7.3,44,65
168,6.5,80,55
169,7.3,71,5
170,5.8,67,70
171,6.2,13,66
172,7.2,35,19
173,5.7,70,56
174,6.6,78,76
175,6.3,72,75
176,7,79,59
177,5.6,7,57
178,6.5,59,43
179,4.5,16,74
180,6,64,44
181,4.8,43,55
182,5.7,62,22
183,7.1,8,45
184,6.1,9,16
185,7.3,29,42
186,5.9,37,53
187,7,73,22
188,5.5,40,44
189,6.6,28,71
190,4.9,17,23
191,5.6,69,32
192,4.7,60,36
193,4.6,53,67
194,7.4,24,20
195,4.9,13,18
196,7,56,66
197,7.4,36,50
198,6.9,74,75
199,6.5,64,77
200,6.5,70,42
201,4.9,31,70
202,7.1,25,72
203,6.7,40,69
204,5.5,35,17
205,5.9,1,66
206,6.2,47,59
207,5.6,4,9
208,6.8,27,79
209,4.9,79,70
210,4.8,12,51
211,4.9,61,48
212,7.2,35,12
213,5.7,34,16
214,7.3,59,6
215,7.1,44,7
216,5.4,35,1
217,6.8,72,8
218,6.8,2,34
219,5,59,8
220,6.6,50,76
221,6.5,51,70
222,7.5,63,54
223,4.6,11,19
224,4.9,5,28
225,4.7,80,62
226,6.6,9,68
227,5.9,4,19
228,7,6,68
229,5.4,40,40
230,5.5,11,36
