sensor_id,timestamp,vehicles,avg_speed_kmh
4,2026-08-24,338.8,499.5
10,2026-09-14,797.5,61.4
2,2026-07-08,256.7,429.2
5,2026-09-06,206.6,399.5
4,2026-10-02,117.6,234.8
8,2026-09-14,75.8,36.6
2,2026-08-10,380.3,60.1
2,2026-08-26,155.2,489.5
10,2026-08-01,93.6,304.7
4,2026-09-13,762.4,296.1
6,2026-07-08,464.5,866.3
11,2026-09-01,741.5,307.6
2,2026-09-01,60.8,7.5
4,2026-07-23,35.3,718.2
2,2026-08-02,809.3,836.5
11,2026-08-30,898.5,505.6
2,2026-08-15,708.8,60.9
7,2026-08-20,17.9,387.2
8,2026-08-08,170.4,796
10,2026-09-30,50.2,72
9,2026-09-14,215.1,811.5
6,2026-09-22,265.9,691.2
10,2026-08-26,506.1,580.2
3,2026-08-06,440.5,793.6
4,2026-09-20,93.3,179.8
3,2026-07-10,489.1,691.2
9,2026-08-13,4.5,770
3,2026-09-15,390.2,204.3
12,2026-08-29,467.3,106.9
9,2026-09-10,559,41.9
12,2026-08-08,414.6,54.5
12,2026-08-11,118.7,134.8
8,2026-10-03,67.9,525.4
8,2026-07-19,201,755.4
3,2026-07-20,401.9,451.3
8,2026-07-16,449.5,898.7
4,2026-08-21,72.9,576.3
5,2026-07-12,475.6,157.3
5,2026-07-25,221,22.9
5,2026-10-02,643.7,784.2
10,2026-07-12,616.5,426.5
10,2026-08-06,542.3,877.9
8,2026-09-27,138.7,829.6
5,2026-08-13,257.6,462.1
3,2026-08-04,248.1,324.7
10,2026-07-10,747.7,591.3
10,2026-08-19,859.6,437.5
3,2026-08-04,199.4,127.3
11,2026-08-29,279.7,188.6
2,2026-10-05,615,655.9
2,2026-09-14,568.9,483
1,2026-08-15,750.1,23.6
11,2026-09-21,183.4,654.2
7,2026-07-21,292.8,811.5
8,2026-08-04,309.3,418.2
3,2026-08-19,797.7,296.4
6,2026-08-16,293.2,81
2,2026-07-16,286.4,754.3
7,2026-08-27,156.7,604.8
3,2026-07-11,377.3,201.3
5,2026-08-31,30.5,283.2
3,2026-10-06,293,768.4
5,2026-07-29,64.9,452
7,2026-08-30,498.5,859.8
7,2026-08-29,141.5,169
5,2026-07-21,211.9,293.9
12,2026-08-23,187.5,414.7
4,2026-09-21,468.2,766.3
6,2026-09-25,236,791.1
7,2026-08-05,132.6,486.1
9,2026-08-17,92.8,647.2
7,2026-07-10,898.2,860.2
7,2026-09-09,828.2,226.2
10,2026-09-06,284.8,235.1
9,2026-09-11,607.2,281.1
5,2026-09-14,163.9,546.5
6,2026-09-18,590.4,767.4
4,2026-09-10,581.5,818.1
10,2026-10-04,113.2,96.5
4,2026-08-28,588.3,375.5
11,2026-08-18,737,515.4
5,2026-08-29,344.8,32.8
7,2026-07-31,892,263.9
2,2026-09-12,237.4,401.4
12,2026-07-23,75.3,516.6
2,2026-07-22,307.7,616.3
8,2026-08-12,793.6,490.9
3,2026-09-15,451.3,578.6
10,2026-07-08,358,636.5
9,2026-10-04,744.1,863
1,2026-07-17,793,34.5
7,2026-08-05,611.9,325.4
10,2026-07-26,633.1,488.4
10,2026-09-24,270.1,633.5
9,2026-09-30,801.7,629.5
7,2026-08-06,617.2,127.3
11,2026-07-26,275.1,149.9
3,2026-08-30,153.9,73.2
5,2026-07-16,871.5,143.4
11,2026-09-10,578.4,773.7
12,2026-09-27,126.1,782.1
1,2026-09-01,301.5,430.9
7,2026-08-06,131.6,621.9
5,2026-08-21,592.5,75.2
12,2026-07-15,771.9,610.4
11,2026-07-30,45.5,47.6
9,2026-10-04,128.5,661
3,2026-07-15,477.9,406
7,2026-07-29,486.3,38
1,2026-08-27,202,895.8
11,2026-09-04,660.7,888.6
5,2026-08-28,679.9,564.9
6,2026-07-31,658.2,253.9
3,2026-09-16,41.6,29.8
7,2026-08-02,641.6,598.7
11,2026-07-29,59.4,707.9
8,2026-08-15,390,310
5,2026-09-15,432.3,712.3
8,2026-08-28,31.6,786.1
6,2026-08-05,745.9,373.8
11,2026-09-05,12,758
10,2026-08-02,347,710.8
9,2026-08-24,164.8,665.4
11,2026-09-20,129.1,893.5
11,2026-07-29,660.1,309.5
3,2026-07-21,437.3,280.8
5,2026-10-04,525.2,406.5
8,2026-08-07,769.5,324.7
5,2026-08-24,501.9,664.7
10,2026-07-09,868.1,714.4
1,2026-09-03,227.3,150.3
3,2026-07-31,17.5,899.9
10,2026-09-17,202.5,264.5
10,2026-08-24,605.7,116.2
3,2026-07-26,552.1,291.3
8,2026-07-26,204.8,253
7,2026-08-18,169.5,339.7
3,2026-08-16,329.6,637
10,2026-08-29,280,475.7
6,2026-08-31,342.9,847.2
11,2026-07-11,4.6,320.8
9,2026-09-16,405.1,127
9,2026-07-19,710.4,706.2
9,2026-09-16,779.3,71.1
9,2026-08-18,28.4,493.6
9,2026-07-12,116.9,589.9
1,2026-07-14,372,840.7
3,2026-07-27,131.8,137.7
2,2026-07-24,572,392.3
10,2026-07-31,512.5,497
