market,item,week,price_ghs
Kejetia,Rice,2026-09-06,133.4
Bantama,Cassava,2026-09-30,372.3
Bantama,Cassava,2026-10-04,806.3
Asafo,Tomatoes,2026-08-02,752.6
Kejetia,Plantain,2026-08-27,275.7
Bantama,Tomatoes,2026-10-06,431.9
Asafo,Rice,2026-07-22,482.7
Bantama,Plantain,2026-08-15,271.2
Bantama,Plantain,2026-08-13,52.4
Asafo,Plantain,2026-07-19,493.2
Asafo,Yam,2026-08-17,607.7
Asafo,Yam,2026-07-24,129.1
Kejetia,Tomatoes,2026-09-18,852.4
Kejetia,Tomatoes,2026-07-29,137.2
Adum,Maize,2026-09-26,439.4
Kejetia,Tomatoes,2026-08-15,510.5
Adum,Rice,2026-08-19,791.2
Bantama,Plantain,2026-09-13,280.9
Adum,Rice,2026-07-14,255.3
Kejetia,Rice,2026-09-15,579.5
Adum,Cassava,2026-07-20,510.1
Bantama,Cassava,2026-07-21,504.3
Kejetia,Yam,2026-09-02,795.7
Adum,Tomatoes,2026-09-29,877.3
Bantama,Tomatoes,2026-10-06,72.3
Kejetia,Rice,2026-07-27,578.3
Bantama,Plantain,2026-08-26,378
Adum,Plantain,2026-09-13,132.9
Kejetia,Plantain,2026-07-21,584.5
Adum,Maize,2026-07-19,41
Bantama,Maize,2026-08-23,307.2
Adum,Cassava,2026-07-25,786.7
Kejetia,Rice,2026-09-10,863
Kejetia,Rice,2026-08-15,575.7
Kejetia,Cassava,2026-09-30,338.4
Asafo,Maize,2026-08-04,680.3
Adum,Maize,2026-08-25,414.1
Bantama,Yam,2026-07-30,331.5
Asafo,Rice,2026-09-18,875
Adum,Plantain,2026-08-11,31.6
Bantama,Rice,2026-09-27,102.4
Bantama,Maize,2026-09-30,199.1
Asafo,Cassava,2026-08-15,544.8
Kejetia,Maize,2026-08-02,411
Bantama,Plantain,2026-09-28,810.5
Asafo,Cassava,2026-07-25,134.4
Asafo,Yam,2026-09-07,563.7
Asafo,Rice,2026-09-20,889.7
Bantama,Plantain,2026-09-06,877
Adum,Cassava,2026-08-30,62.8
Kejetia,Maize,2026-09-24,297.8
Kejetia,Tomatoes,2026-09-18,676.1
Kejetia,Rice,2026-07-25,471.2
Asafo,Cassava,2026-10-05,316.8
Kejetia,Plantain,2026-09-18,253.3
Kejetia,Yam,2026-09-28,671.6
Bantama,Yam,2026-07-09,452.9
Adum,Plantain,2026-07-17,497.2
Adum,Tomatoes,2026-09-29,875.3
Kejetia,Maize,2026-08-25,323.2
Asafo,Tomatoes,2026-07-27,374
Bantama,Maize,2026-09-28,705.3
Asafo,Rice,2026-10-03,156.1
Adum,Rice,2026-07-25,466
Kejetia,Tomatoes,2026-08-11,796.6
Adum,Cassava,2026-09-22,689.4
Kejetia,Maize,2026-08-28,317.1
Asafo,Yam,2026-10-02,132.5
Bantama,Yam,2026-07-22,393.5
Bantama,Maize,2026-08-07,733
Kejetia,Plantain,2026-09-03,474.3
Bantama,Cassava,2026-08-06,172.8
Kejetia,Yam,2026-07-20,680.3
Adum,Rice,2026-08-03,230.9
Adum,Tomatoes,2026-08-12,228.9
Kejetia,Yam,2026-07-09,570.4
Asafo,Yam,2026-09-05,527.9
Asafo,Cassava,2026-07-09,265.8
Kejetia,Maize,2026-09-26,777.3
Kejetia,Maize,2026-07-14,297.3
Adum,Cassava,2026-09-05,360.2
Kejetia,Cassava,2026-09-18,874.8
Bantama,Plantain,2026-07-21,768
Adum,Cassava,2026-08-05,862.1
Kejetia,Tomatoes,2026-09-06,689.7
Bantama,Tomatoes,2026-09-24,210.2
Kejetia,Cassava,2026-07-15,93.9
Adum,Yam,2026-07-30,407.5
Bantama,Rice,2026-07-19,49.2
Asafo,Maize,2026-08-13,697.8
Asafo,Tomatoes,2026-08-07,165.2
Bantama,Cassava,2026-08-22,50.7
Bantama,Cassava,2026-09-13,623.6
Adum,Yam,2026-08-02,616.5
Kejetia,Plantain,2026-07-18,350.6
Kejetia,Rice,2026-07-10,35.1
Bantama,Maize,2026-08-14,734.9
Asafo,Maize,2026-07-21,5
Bantama,Maize,2026-07-12,30.9
Adum,Yam,2026-08-12,612.6
Asafo,Yam,2026-08-06,360.4
Asafo,Maize,2026-07-12,550.1
Adum,Yam,2026-07-29,533.2
Bantama,Cassava,2026-07-10,255.1
Asafo,Cassava,2026-08-20,2
Bantama,Plantain,2026-07-19,395.3
Kejetia,Tomatoes,2026-09-17,623.1
Adum,Tomatoes,2026-09-15,47.9
Asafo,Yam,2026-08-02,450.7
Kejetia,Cassava,2026-08-24,461.8
Adum,Maize,2026-07-24,670.3
Asafo,Tomatoes,2026-07-08,890.2
Kejetia,Rice,2026-10-01,762.8
Adum,Plantain,2026-09-05,764.3
Bantama,Tomatoes,2026-07-26,652.2
Adum,Tomatoes,2026-08-13,785.7
Bantama,Tomatoes,2026-07-25,389.4
Kejetia,Plantain,2026-08-08,311.4
Bantama,Rice,2026-08-14,368
Asafo,Cassava,2026-10-05,848.9
Kejetia,Yam,2026-07-15,56.5
Bantama,Rice,2026-09-15,145.4
Adum,Tomatoes,2026-09-05,546.9
Asafo,Tomatoes,2026-10-01,673.6
Kejetia,Maize,2026-09-28,468.2
Asafo,Tomatoes,2026-09-10,658
Adum,Rice,2026-08-23,251.4
Adum,Maize,2026-08-08,220.5
Asafo,Yam,2026-08-09,218.1
Asafo,Maize,2026-10-03,84.6
Kejetia,Yam,2026-08-17,880.2
Asafo,Plantain,2026-09-23,667.7
Bantama,Rice,2026-07-09,166.4
Adum,Tomatoes,2026-08-06,878.7
Bantama,Cassava,2026-07-18,889.2
Adum,Maize,2026-09-28,220.7
Asafo,Rice,2026-07-11,362.9
Asafo,Yam,2026-08-15,415.4
Bantama,Tomatoes,2026-07-27,421
Kejetia,Plantain,2026-08-21,263.4
Bantama,Tomatoes,2026-08-14,215.2
Adum,Plantain,2026-08-24,305.5
Asafo,Tomatoes,2026-08-14,468.3
Asafo,Plantain,2026-08-03,437.9
Asafo,Cassava,2026-08-14,681
Kejetia,Plantain,2026-09-26,785.4
Bantama,Rice,2026-09-07,315.9
Bantama,Plantain,2026-08-29,655.9
Kejetia,Cassava,2026-08-29,884.5
Adum,Tomatoes,2026-07-08,353.4
Asafo,Tomatoes,2026-07-22,251.3
Adum,Plantain,2026-07-23,544.2
Bantama,Cassava,2026-09-12,752.4
Asafo,Rice,2026-09-20,301.2
Adum,Cassava,2026-09-21,629.7
Adum,Maize,2026-08-08,742.1
Asafo,Maize,2026-08-17,53.5
Adum,Cassava,2026-08-29,759.5
Kejetia,Plantain,2026-07-16,381.2
Adum,Tomatoes,2026-08-02,508.4
Asafo,Cassava,2026-07-20,529.7
Adum,Cassava,2026-10-05,245.4
Asafo,Yam,2026-07-16,181
Kejetia,Plantain,2026-09-30,793.9
Adum,Rice,2026-10-04,180.8
Asafo,Rice,2026-08-15,126.1
Kejetia,Yam,2026-07-25,310.2
Bantama,Maize,2026-07-31,770.4
Adum,Cassava,2026-09-16,289.2
Asafo,Yam,2026-09-11,786
Adum,Cassava,2026-08-29,103.5
Adum,Rice,2026-09-04,594.4
Kejetia,Tomatoes,2026-09-19,252.6
Bantama,Tomatoes,2026-09-05,228.4
Adum,Yam,2026-08-30,705.7
Asafo,Rice,2026-09-05,826.3
Bantama,Maize,2026-07-08,370.7
Adum,Tomatoes,2026-07-18,666.8
Bantama,Rice,2026-08-02,611.8
Asafo,Cassava,2026-09-27,860.2
Kejetia,Rice,2026-09-27,204
Adum,Tomatoes,2026-07-11,477.6
Asafo,Rice,2026-09-14,365.9
Asafo,Maize,2026-09-12,581.9
Adum,Cassava,2026-10-06,157.7
Adum,Maize,2026-09-04,98.5
Kejetia,Maize,2026-08-11,827.2
Kejetia,Maize,2026-09-23,763.2
Kejetia,Tomatoes,2026-09-10,787.6
Bantama,Yam,2026-09-18,42.6
Adum,Rice,2026-08-17,133.5
Kejetia,Cassava,2026-08-19,783.1
Adum,Tomatoes,2026-07-29,51.3
Adum,Tomatoes,2026-10-06,395.6
Adum,Plantain,2026-07-16,535
Bantama,Yam,2026-09-05,9.4
Bantama,Maize,2026-09-16,288.5
Bantama,Cassava,2026-07-15,746.3
Asafo,Maize,2026-07-15,536.9
Adum,Rice,2026-07-23,415.3
Bantama,Rice,2026-08-27,536
Kejetia,Rice,2026-08-30,214.6
Adum,Cassava,2026-10-03,92.3
Asafo,Tomatoes,2026-09-23,148.2
Bantama,Rice,2026-10-06,852
Kejetia,Maize,2026-08-12,154
Adum,Maize,2026-08-16,783
Asafo,Plantain,2026-08-11,661.1
Kejetia,Tomatoes,2026-07-22,312.2
Asafo,Cassava,2026-08-20,864.8
Kejetia,Tomatoes,2026-08-21,180.7
Bantama,Yam,2026-07-10,681.7
Kejetia,Tomatoes,2026-07-20,553.4
Bantama,Cassava,2026-07-22,582
Asafo,Yam,2026-08-18,373.7
Asafo,Plantain,2026-08-15,414.5
Asafo,Cassava,2026-09-25,592.8
Adum,Plantain,2026-09-28,577
Adum,Rice,2026-08-12,743.3
Kejetia,Maize,2026-10-04,645.6
Asafo,Tomatoes,2026-09-24,170.2
Bantama,Plantain,2026-09-29,785.9
Asafo,Cassava,2026-09-24,161.7
Adum,Tomatoes,2026-08-05,519.9
Adum,Rice,2026-08-26,535.8
Kejetia,Rice,2026-07-23,254.4
Asafo,Cassava,2026-09-21,878.1
Kejetia,Tomatoes,2026-09-05,504
Bantama,Yam,2026-08-21,364.8
Bantama,Yam,2026-09-08,388.8
Adum,Plantain,2026-08-04,740.2
Bantama,Tomatoes,2026-09-09,680.6
Bantama,Plantain,2026-08-27,289.8
Asafo,Plantain,2026-09-01,525.2
Kejetia,Plantain,2026-08-09,74.4
Adum,Tomatoes,2026-07-25,465.9
Asafo,Maize,2026-09-04,218.5
Asafo,Cassava,2026-09-01,774.3
Kejetia,Cassava,2026-09-11,476
Kejetia,Yam,2026-09-16,744.5
Bantama,Yam,2026-08-24,874
Asafo,Rice,2026-07-31,852.5
Adum,Maize,2026-07-08,52.9
Bantama,Cassava,2026-10-03,540.9
Asafo,Plantain,2026-08-17,89.1
Kejetia,Maize,2026-07-24,346.5
Kejetia,Cassava,2026-07-23,893.9
Asafo,Cassava,2026-08-26,474.8
Bantama,Plantain,2026-08-08,659.5
Bantama,Cassava,2026-08-08,480.1
Bantama,Cassava,2026-07-31,323.5
Bantama,Yam,2026-07-10,710.6
Kejetia,Tomatoes,2026-09-29,438.3
Asafo,Tomatoes,2026-08-22,90.4
Asafo,Tomatoes,2026-09-09,535
Kejetia,Plantain,2026-09-16,851.4
Kejetia,Yam,2026-09-22,674.3
Adum,Plantain,2026-07-22,65.6
Bantama,Maize,2026-08-03,589.9
Asafo,Plantain,2026-09-05,434.4
Adum,Yam,2026-10-06,95.5
Asafo,Maize,2026-09-04,409.7
Asafo,Cassava,2026-10-03,214.2
Adum,Maize,2026-09-23,883.1
Kejetia,Rice,2026-09-24,789.7
Bantama,Cassava,2026-08-21,281.9
Kejetia,Plantain,2026-09-07,632.6
Asafo,Tomatoes,2026-08-22,456.5
Asafo,Plantain,2026-08-08,635.5
Bantama,Rice,2026-09-04,411.8
Bantama,Plantain,2026-08-22,533.1
Bantama,Rice,2026-09-21,423.2
Kejetia,Tomatoes,2026-09-23,465.1
Kejetia,Yam,2026-08-31,398.4
Bantama,Rice,2026-08-13,166
Asafo,Rice,2026-09-30,144.6
Adum,Plantain,2026-09-20,165.7
Asafo,Plantain,2026-08-16,785.3
Kejetia,Cassava,2026-08-17,133.9
Bantama,Cassava,2026-09-20,344.9
Bantama,Rice,2026-08-13,525.7
Asafo,Cassava,2026-09-20,124.5
Asafo,Cassava,2026-08-24,151.9
Kejetia,Cassava,2026-08-19,579.8
Bantama,Maize,2026-09-07,441.7
Bantama,Tomatoes,2026-07-16,51.1
Asafo,Cassava,2026-08-11,470.2
Kejetia,Cassava,2026-07-15,342.7
Bantama,Cassava,2026-09-06,338.2
Adum,Cassava,2026-07-08,576.5
Asafo,Cassava,2026-09-18,450.5
Asafo,Cassava,2026-07-24,203.4
Adum,Tomatoes,2026-09-18,198.4
Kejetia,Plantain,2026-07-24,537.8
Bantama,Maize,2026-08-05,467.3
Adum,Tomatoes,2026-07-22,208.2
Kejetia,Cassava,2026-08-01,194.2
Kejetia,Yam,2026-07-24,384
Adum,Rice,2026-08-05,810.8
Adum,Cassava,2026-08-02,460.4
Kejetia,Plantain,2026-08-13,45.3
Kejetia,Maize,2026-08-07,622.9
Kejetia,Tomatoes,2026-07-16,774.1
Kejetia,Tomatoes,2026-10-03,619.6
Asafo,Rice,2026-08-10,86.4
Bantama,Rice,2026-09-18,714.7
Asafo,Yam,2026-09-03,449.5
Bantama,Cassava,2026-08-08,712.8
Bantama,Plantain,2026-08-31,760.2
Adum,Plantain,2026-08-12,417.9
Asafo,Plantain,2026-08-13,894.3
Kejetia,Maize,2026-09-16,328.2
Bantama,Maize,2026-09-16,877
Adum,Rice,2026-08-14,623.3
Bantama,Plantain,2026-07-28,27.3
Bantama,Plantain,2026-07-12,440.7
Kejetia,Maize,2026-09-19,28.7
Asafo,Plantain,2026-09-01,477.4
Asafo,Cassava,2026-09-19,320.1
Adum,Plantain,2026-08-19,546.6
Adum,Tomatoes,2026-08-07,37.1
Asafo,Tomatoes,2026-09-28,711.5
Adum,Tomatoes,2026-10-01,216
Bantama,Cassava,2026-10-02,565.6
Adum,Yam,2026-07-26,541.7
Adum,Cassava,2026-07-11,736.3
Kejetia,Yam,2026-08-23,167.5
Adum,Plantain,2026-08-11,711.9
Asafo,Yam,2026-07-13,410.6
Adum,Yam,2026-08-18,488.2
Adum,Maize,2026-07-27,556.4
Kejetia,Maize,2026-09-11,410.5
Asafo,Rice,2026-09-14,18.2
Asafo,Rice,2026-10-04,533.8
Asafo,Maize,2026-08-04,689.4
Kejetia,Plantain,2026-08-12,473.6
Bantama,Cassava,2026-09-12,319.4
Bantama,Plantain,2026-09-29,545.6
Bantama,Plantain,2026-08-20,176.6
Asafo,Yam,2026-08-21,15.7
Bantama,Tomatoes,2026-09-06,597.6
Bantama,Yam,2026-07-08,857.5
Adum,Tomatoes,2026-08-18,526.8
Adum,Tomatoes,2026-07-11,523.9
Kejetia,Yam,2026-08-27,27.6
Asafo,Yam,2026-10-06,87.7
Adum,Tomatoes,2026-08-05,592.6
Asafo,Yam,2026-07-09,221.5
Adum,Tomatoes,2026-10-03,346.3
Asafo,Yam,2026-07-25,680.2
