building,hour,kwh
CS Department,2,157.1
Great Hall,3,753.9
JQB,9,485
CS Department,4,389
Legon Hall,5,593.6
Legon Hall,17,11.9
JQB,1,841.5
Great Hall,16,350.7
JQB,1,25.1
Akuafo Hall,3,276
Great Hall,14,878.5
Akuafo Hall,12,116.1
JQB,10,45.3
Great Hall,22,77
JQB,16,645.7
JQB,3,588
CS Department,9,189.7
Great Hall,5,855.9
JQB,3,166.6
Balme Library,7,35.6
CS Department,1,721.6
JQB,16,566.3
Balme Library,16,190.7
Balme Library,17,885.9
CS Department,14,416.7
Legon Hall,12,327.1
Akuafo Hall,5,286.5
Great Hall,1,612.4
Balme Library,2,530.4
Legon Hall,11,467.7
JQB,13,654.9
CS Department,7,470.8
Balme Library,19,481.4
CS Department,18,318.6
Balme Library,22,627.9
Akuafo Hall,3,747.5
JQB,20,118.9
Akuafo Hall,4,386.3
JQB,20,479
Balme Library,23,435
Legon Hall,11,720.8
Legon Hall,14,327.4
Great Hall,19,218.4
Akuafo Hall,15,406.9
JQB,14,347.6
JQB,21,273.9
JQB,12,476.4
CS Department,18,283.4
Balme Library,8,360.4
Akuafo Hall,20,695.7
Legon Hall,11,843.1
Akuafo Hall,17,615.8
Balme Library,13,123.1
CS Department,18,74.2
CS Department,9,611.3
CS Department,12,47.9
Great Hall,8,399.1
Legon Hall,6,509.6
CS Department,6,672
Akuafo Hall,1,299
Akuafo Hall,8,366.6
CS Department,16,508.3
Great Hall,19,191
Legon Hall,3,398.9
Legon Hall,15,802
Balme Library,23,43.1
CS Department,23,455.5
CS Department,8,661.6
Balme Library,3,192.3
Great Hall,6,230.3
Great Hall,19,287
JQB,3,537.2
CS Department,10,123
Balme Library,16,566.8
Great Hall,5,466.9
Great Hall,10,38.7
Legon Hall,2,737.8
Akuafo Hall,11,269.9
JQB,23,662.7
Great Hall,2,800.7
JQB,21,610.7
Akuafo Hall,21,398.1
Akuafo Hall,13,332.2
Akuafo Hall,14,824.4
Great Hall,14,678.2
Legon Hall,7,715.6
JQB,0,9.5
JQB,22,716.5
Akuafo Hall,6,763
Great Hall,4,177.9
Great Hall,9,595.5
CS Department,2,655
CS Department,6,549
Balme Library,6,198.3
CS Department,14,470.7
Legon Hall,8,585.2
Akuafo Hall,0,376.5
JQB,2,818.2
Balme Library,0,676.9
Akuafo Hall,7,541.2
CS Department,1,508.6
Great Hall,1,772.9
CS Department,19,550.9
Akuafo Hall,0,678.8
Great Hall,9,650
CS Department,13,94.8
Balme Library,8,37.6
Legon Hall,9,489.5
CS Department,11,385.6
Akuafo Hall,23,194.6
Legon Hall,5,682.7
JQB,4,718.3
Legon Hall,17,598.6
CS Department,23,689.1
Balme Library,6,76.4
JQB,5,220.3
Legon Hall,0,418.8
Great Hall,1,362.6
JQB,13,827.7
Great Hall,8,287.4
Legon Hall,0,793.7
Balme Library,17,554.1
Akuafo Hall,18,829.2
CS Department,16,79.1
CS Department,12,429.1
Legon Hall,8,74
Balme Library,14,353.3
CS Department,10,757.6
CS Department,18,189.4
JQB,8,656.2
Legon Hall,18,521.8
Legon Hall,17,429
CS Department,6,591.5
Balme Library,16,213
JQB,0,348.7
Legon Hall,8,770.9
JQB,22,375
Balme Library,11,30.3
Great Hall,12,7.7
Balme Library,23,873.8
CS Department,1,6.1
Akuafo Hall,16,174.5
JQB,11,25.1
JQB,21,692.9
Balme Library,9,138.3
Balme Library,6,606.5
Akuafo Hall,14,513.6
Great Hall,3,76.8
JQB,9,235.2
JQB,19,357.7
Legon Hall,5,85.3
Legon Hall,9,254.9
JQB,20,374.1
JQB,17,123.2
Legon Hall,10,872.3
Legon Hall,6,689.5
Great Hall,4,485.2
Balme Library,11,398.5
Great Hall,23,492.7
CS Department,8,416.1
Akuafo Hall,3,239.2
Balme Library,13,783.9
CS Department,15,822.1
CS Department,13,55.8
CS Department,20,713.3
Balme Library,15,10.5
Great Hall,4,256.1
Great Hall,2,369.7
Akuafo Hall,0,335.7
Akuafo Hall,7,119.2
CS Department,23,657.4
CS Department,22,423.5
Akuafo Hall,6,487.3
Balme Library,7,534
Balme Library,14,738.4
Akuafo Hall,21,493.9
Legon Hall,12,863.6
Balme Library,6,450.7
Legon Hall,14,412
CS Department,11,314
Akuafo Hall,3,241.6
Legon Hall,9,139.9
Akuafo Hall,0,619.7
JQB,3,820.7
Great Hall,17,132
Great Hall,19,385.3
Legon Hall,15,139.4
Great Hall,21,296.8
Legon Hall,5,884
Balme Library,19,241.4
JQB,22,644.5
JQB,11,589.4
Balme Library,12,497.2
CS Department,6,595.2
Great Hall,22,424.4
CS Department,21,795.1
Balme Library,19,188.5
Akuafo Hall,15,760.9
Great Hall,7,605.1
Balme Library,17,635.1
JQB,13,365.7
Legon Hall,13,822.9
Legon Hall,19,91.7
Balme Library,15,106.6
Legon Hall,11,836.9
CS Department,16,762.1
Akuafo Hall,12,134.7
JQB,2,193.8
Balme Library,16,84.5
Akuafo Hall,7,169.3
CS Department,13,260.5
Balme Library,2,782.9
Great Hall,14,15.1
CS Department,3,727.6
Balme Library,20,426.7
CS Department,2,276.2
JQB,23,445.8
Akuafo Hall,21,530.4
CS Department,22,126.4
JQB,20,140.7
Akuafo Hall,11,700.7
Balme Library,21,745.7
Akuafo Hall,14,205.8
Akuafo Hall,22,816.5
Great Hall,23,584.8
Balme Library,21,496.9
Great Hall,22,317.9
CS Department,14,24
Great Hall,9,537.6
Legon Hall,11,851.2
Legon Hall,21,502.6
Balme Library,9,16.1
Great Hall,8,282.9
CS Department,10,110.8
Akuafo Hall,20,183.8
CS Department,5,271.8
Balme Library,6,715.4
JQB,4,833.6
Legon Hall,7,164.9
Balme Library,21,570.8
JQB,5,609.5
Balme Library,8,487.4
JQB,14,170.1
Legon Hall,6,757.4
Legon Hall,13,20.4
Balme Library,15,420.1
Akuafo Hall,20,390.9
Legon Hall,8,756.6
Balme Library,13,888.1
CS Department,5,327.7
Great Hall,21,6.7
Balme Library,7,247.4
Legon Hall,8,92
Great Hall,18,388.7
CS Department,5,430.3
Legon Hall,10,450.2
JQB,11,767.5
JQB,4,307.7
Great Hall,8,425.9
Akuafo Hall,19,166.9
Akuafo Hall,23,10.9
Akuafo Hall,0,838.4
Balme Library,2,27.3
JQB,13,66.1
Balme Library,20,571.1
CS Department,3,424.1
Balme Library,17,180.4
Great Hall,21,545.1
Balme Library,15,491.1
JQB,10,546.5
Balme Library,7,318
Akuafo Hall,5,253.8
Legon Hall,12,876.6
JQB,4,250.8
JQB,13,223.9
Great Hall,11,814.8
Akuafo Hall,6,175.3
Legon Hall,19,102.9
JQB,17,475.8
Balme Library,5,147.9
Great Hall,9,119.1
JQB,22,669.6
Akuafo Hall,15,730
Great Hall,13,27.7
Great Hall,6,657.5
Legon Hall,8,209
JQB,20,382.9
Legon Hall,13,693.4
JQB,16,748.2
CS Department,22,498.7
Great Hall,13,646.6
JQB,1,530.1
Akuafo Hall,0,30.2
Great Hall,6,287.6
Legon Hall,7,380.5
CS Department,23,85.9
CS Department,9,752.1
Akuafo Hall,9,76.2
JQB,20,848.8
JQB,17,867.7
JQB,22,835.2
Balme Library,8,697.9
Great Hall,16,240.3
JQB,0,457.9
Great Hall,22,487.5
Great Hall,14,625.9
CS Department,4,703.5
JQB,22,836.7
Akuafo Hall,3,479.1
JQB,11,753.4
