route_id,origin,destination,distance_km,fare_ghs
1,Achimota,Lapaz,19.2,720.4
2,Achimota,Kaneshie,32.5,653.8
3,Lapaz,Kaneshie,15.2,264.5
4,Lapaz,Lapaz,32.8,546.5
5,Tema Station,Lapaz,30.7,795.7
6,Achimota,Achimota,26.5,171.1
7,Madina,Kaneshie,4.5,808.8
8,Achimota,Kaneshie,9.5,480.9
9,Tema Station,Lapaz,3,305.1
10,Circle,Circle,12,660.2
11,Tema Station,Achimota,20.1,15.7
12,Lapaz,Kaneshie,12.6,536.8
13,Lapaz,Circle,16.1,750.9
14,Madina,Tema Station,24.3,650
15,Circle,Achimota,23.5,657
16,Lapaz,Lapaz,12.1,218.5
17,Tema Station,Kaneshie,29.6,170.3
18,Tema Station,Madina,13.4,460.9
19,Achimota,Tema Station,27.5,753.2
20,Tema Station,Achimota,21.7,813.4
21,Achimota,Circle,23.7,116.1
22,Achimota,Madina,8.4,352.1
23,Kaneshie,Achimota,14.7,741.5
24,Lapaz,Achimota,27.3,581.5
25,Achimota,Madina,10.3,390.7
26,Kaneshie,Circle,20.5,638.5
27,Madina,Circle,15.5,300.9
28,Achimota,Madina,18.7,427.8
29,Achimota,Madina,25.1,473.6
30,Kaneshie,Madina,8.1,240.3
31,Circle,Madina,30,96.9
32,Lapaz,Madina,27.3,236
33,Madina,Tema Station,3.1,178.7
34,Achimota,Madina,2,367.8
35,Lapaz,Madina,14.4,360.2
36,Achimota,Madina,25.7,102.6
37,Circle,Lapaz,9.1,690
38,Kaneshie,Achimota,20.1,418.8
39,Madina,Achimota,30.3,278
40,Achimota,Achimota,8.7,505.1
41,Tema Station,Lapaz,29.9,286.3
42,Tema Station,Tema Station,24.4,352.6
43,Circle,Circle,30.3,699.5
44,Achimota,Madina,33.7,248.7
45,Tema Station,Tema Station,3,541.7
46,Achimota,Tema Station,18.6,699.9
47,Kaneshie,Achimota,8.1,640.3
48,Circle,Madina,28.4,116.5
49,Tema Station,Madina,22.9,816.1
50,Achimota,Madina,16,855.2
51,Circle,Circle,28,442.5
52,Circle,Circle,31.6,481.8
53,Circle,Madina,4.4,358.5
54,Kaneshie,Circle,33.7,693
55,Achimota,Tema Station,7.5,892.2
56,Kaneshie,Circle,15,861.2
57,Tema Station,Tema Station,2.7,804.8
58,Circle,Lapaz,6.2,443.8
59,Lapaz,Kaneshie,22.2,399.3
60,Madina,Lapaz,7.5,877.4
61,Kaneshie,Achimota,32.6,660.1
62,Lapaz,Lapaz,33.8,206
63,Madina,Kaneshie,33.7,312.5
64,Tema Station,Kaneshie,18.2,5.2
65,Madina,Tema Station,15.4,648.6
66,Achimota,Kaneshie,9.4,794.5
67,Tema Station,Achimota,15.7,570.9
68,Achimota,Tema Station,9.8,352.7
69,Tema Station,Achimota,6.1,680.4
70,Kaneshie,Circle,21.2,460.1
71,Achimota,Tema Station,15.3,464.9
72,Achimota,Achimota,23.9,646.5
73,Kaneshie,Achimota,16,78.7
74,Achimota,Madina,21.3,796
75,Circle,Madina,9.8,314.8
76,Madina,Circle,11.9,709.6
77,Madina,Circle,7.2,681
78,Madina,Achimota,9.4,363.2
79,Kaneshie,Tema Station,12.4,492.4
80,Lapaz,Tema Station,18.5,569.8
81,Lapaz,Tema Station,24,490.9
82,Lapaz,Circle,20.4,436.6
83,Madina,Tema Station,19.1,56.9
84,Lapaz,Lapaz,2.4,67.6
85,Tema Station,Tema Station,23.9,525.9
86,Achimota,Madina,32.9,614.6
87,Circle,Achimota,25.7,349.1
88,Tema Station,Kaneshie,32.6,308.7
89,Achimota,Tema Station,24.1,94
90,Madina,Circle,10,546.4
91,Tema Station,Lapaz,15.8,461.3
92,Lapaz,Achimota,34.5,674.6
93,Tema Station,Achimota,7,80.5
94,Circle,Kaneshie,26,55.6
95,Tema Station,Tema Station,19,356.6
96,Achimota,Tema Station,17.3,804.1
97,Madina,Achimota,6.5,90.9
98,Tema Station,Madina,12.1,613.7
99,Lapaz,Circle,3.9,330.2
100,Tema Station,Madina,33.2,185.5
101,Madina,Tema Station,26.6,494.4
102,Madina,Lapaz,24.4,808.9
103,Kaneshie,Lapaz,23.4,585.1
104,Circle,Circle,21.6,157.2
105,Tema Station,Circle,15.2,824.7
106,Circle,Kaneshie,27,609.5
107,Circle,Madina,30.2,368
108,Circle,Circle,25.5,726
109,Circle,Lapaz,28.9,770.9
110,Tema Station,Achimota,12.4,334
111,Lapaz,Kaneshie,25.4,62.7
112,Kaneshie,Circle,20.6,178.6
113,Madina,Madina,13,479.7
114,Tema Station,Achimota,24,765.6
115,Lapaz,Lapaz,3.2,132.2
116,Kaneshie,Circle,34.5,5.1
117,Madina,Tema Station,30.5,345.8
118,Achimota,Circle,16.1,336.2
119,Achimota,Tema Station,17.2,394.6
120,Lapaz,Kaneshie,10.7,410.1
121,Kaneshie,Kaneshie,16.2,567.7
122,Achimota,Madina,6,769
123,Lapaz,Lapaz,32.9,863.9
124,Tema Station,Achimota,7.5,388.5
125,Achimota,Tema Station,17.3,896.7
126,Kaneshie,Tema Station,6.8,395.5
127,Achimota,Lapaz,13.5,735.3
128,Kaneshie,Achimota,14.1,44.6
129,Achimota,Lapaz,10.6,331.6
130,Madina,Achimota,13.7,797.5
131,Lapaz,Achimota,33.4,858.3
132,Madina,Tema Station,26.7,481.8
133,Tema Station,Lapaz,29.5,643
134,Circle,Kaneshie,20.1,84.2
135,Kaneshie,Achimota,24,868.7
136,Circle,Achimota,2.7,755.9
137,Achimota,Lapaz,33,857.5
138,Achimota,Lapaz,32.7,159.6
139,Achimota,Madina,14.7,656.2
140,Madina,Achimota,34.8,479.2
141,Achimota,Achimota,5,735.5
142,Tema Station,Tema Station,19,162.6
143,Madina,Circle,5.9,577.7
144,Tema Station,Kaneshie,3.5,518.3
145,Kaneshie,Circle,31.5,648.3
146,Kaneshie,Circle,11.8,862.8
147,Kaneshie,Circle,12.9,510.8
148,Madina,Tema Station,18,328.9
149,Lapaz,Tema Station,32.4,530.4
150,Tema Station,Circle,2,144.3
151,Tema Station,Lapaz,28.7,856.2
152,Circle,Madina,16.1,477.2
153,Tema Station,Madina,28,114.7
154,Circle,Tema Station,16.3,204.8
155,Circle,Tema Station,33.2,589.6
156,Lapaz,Lapaz,23.8,534.8
157,Achimota,Madina,34.5,223.1
158,Madina,Tema Station,16.3,751.8
159,Achimota,Circle,22.9,887.5
160,Achimota,Madina,8.8,196.5
161,Lapaz,Circle,22.4,155.9
162,Madina,Lapaz,7.1,11.4
163,Tema Station,Madina,21.5,545.7
164,Madina,Lapaz,4.6,49.5
165,Lapaz,Kaneshie,27.4,748.9
166,Achimota,Circle,26.8,521.4
167,Circle,Tema Station,6.8,72.3
168,Achimota,Lapaz,32.3,83.7
169,Kaneshie,Lapaz,27.4,380.8
170,Kaneshie,Tema Station,7.1,675.2
171,Achimota,Lapaz,27.2,473.9
172,Lapaz,Tema Station,34,326.9
173,Kaneshie,Madina,6.3,733.3
174,Lapaz,Kaneshie,28,481.3
175,Madina,Circle,11.5,476.2
176,Circle,Circle,17.7,171.5
177,Kaneshie,Lapaz,32.2,641.7
178,Tema Station,Madina,34.9,622.7
179,Tema Station,Madina,10.7,792.9
180,Achimota,Circle,21,88.3
181,Achimota,Madina,35,289.7
182,Kaneshie,Achimota,11.3,218
183,Circle,Circle,14.2,850.7
184,Madina,Achimota,12.3,723.8
185,Kaneshie,Kaneshie,34.9,683.7
186,Achimota,Kaneshie,16.6,602.1
187,Achimota,Kaneshie,12.8,266.8
188,Achimota,Kaneshie,32,834
189,Lapaz,Lapaz,20.2,234.4
190,Achimota,Circle,23.1,282.3
191,Madina,Tema Station,11.9,71.5
192,Lapaz,Madina,22.9,251.7
193,Kaneshie,Tema Station,9.9,610.7
194,Lapaz,Tema Station,22.2,578.3
195,Kaneshie,Achimota,25.1,716.5
196,Kaneshie,Circle,23.7,2.4
197,Circle,Madina,18.7,414.4
198,Achimota,Lapaz,28.6,185.5
199,Kaneshie,Circle,14,269.2
200,Madina,Madina,11.5,326.6
201,Madina,Circle,17,499.6
202,Madina,Achimota,18.9,83.1
203,Circle,Circle,26.4,881.7
204,Kaneshie,Lapaz,34,43.5
205,Kaneshie,Tema Station,26.3,484.5
206,Lapaz,Madina,3.1,433.8
207,Lapaz,Tema Station,26.3,210.9
208,Madina,Lapaz,11.1,442.3
209,Achimota,Tema Station,25.3,808.6
210,Kaneshie,Madina,21.9,633.2
211,Lapaz,Madina,22.9,696
212,Achimota,Circle,16.6,757.4
213,Kaneshie,Lapaz,4.6,462.7
214,Achimota,Circle,19.1,343.1
215,Lapaz,Achimota,13.9,664.7
216,Lapaz,Achimota,10.6,253.7
217,Madina,Achimota,2.7,603.6
218,Tema Station,Achimota,2.1,389.2
219,Kaneshie,Lapaz,6.7,671.6
220,Tema Station,Tema Station,31.7,280.5
221,Achimota,Circle,4.1,227.8
222,Kaneshie,Circle,10.6,331.6
223,Tema Station,Madina,2.1,329.4
224,Circle,Madina,7.6,173.1
225,Lapaz,Lapaz,19.1,752.1
226,Tema Station,Madina,2,823
227,Achimota,Lapaz,13.5,894.9
228,Achimota,Kaneshie,26.2,479.6
229,Circle,Achimota,31,248.6
230,Circle,Tema Station,9.4,642.4
231,Madina,Lapaz,5.5,754.3
232,Circle,Circle,26.7,93.1
233,Achimota,Tema Station,5,467.2
234,Kaneshie,Tema Station,30.3,17.6
235,Kaneshie,Tema Station,22.1,615.5
236,Circle,Lapaz,9,880.6
237,Tema Station,Madina,7.8,291.6
238,Lapaz,Lapaz,23.5,587.4
239,Madina,Circle,31,242.2
240,Circle,Kaneshie,34.5,518.7
241,Lapaz,Achimota,2,91.6
242,Kaneshie,Madina,10.5,806.1
243,Circle,Lapaz,3.8,57.2
244,Madina,Lapaz,13.5,33.5
245,Circle,Kaneshie,30.1,569.1
246,Kaneshie,Tema Station,28.2,132.3
247,Tema Station,Madina,31.4,4.5
248,Tema Station,Circle,34.6,62.2
249,Madina,Tema Station,15.8,98.4
250,Circle,Kaneshie,32.6,204.4
251,Circle,Lapaz,13.9,69.1
252,Lapaz,Lapaz,31.6,305.8
253,Achimota,Tema Station,19.3,738.9
254,Tema Station,Kaneshie,12.4,737.9
255,Tema Station,Achimota,29.5,37.1
256,Lapaz,Madina,20.2,230.1
257,Madina,Tema Station,5.5,305.2
258,Lapaz,Kaneshie,21.5,774.9
259,Kaneshie,Madina,27.2,187.4
260,Lapaz,Circle,17.8,53.7
261,Kaneshie,Madina,26.9,201.5
262,Madina,Tema Station,22.3,480.4
263,Tema Station,Madina,31.3,787.4
264,Circle,Kaneshie,27.2,322.7
265,Tema Station,Madina,12.2,717.3
266,Lapaz,Kaneshie,26.8,559.4
267,Achimota,Tema Station,16.9,857
268,Madina,Madina,6.9,114.4
269,Madina,Circle,25.7,816.8
270,Lapaz,Tema Station,2.9,97.6
