txn_id,amount_ghs,hour,channel,is_fraud
1,633.3,6,Merchant,0
2,396.7,16,App,0
3,75.1,15,Merchant,0
4,826.7,3,Agent,0
5,881.3,12,Merchant,0
6,191,15,Merchant,0
7,569,23,Agent,1
8,195.6,19,Agent,0
9,853.3,9,App,0
10,190.3,22,Merchant,0
11,79.9,18,Agent,0
12,484.9,1,Merchant,0
13,258.3,18,Merchant,1
14,685.5,13,App,0
15,899.7,10,Agent,0
16,131.4,18,USSD,0
17,483.6,4,App,0
18,869.3,14,USSD,0
19,190.4,8,Agent,0
20,368,16,USSD,0
21,368.1,23,Merchant,0
22,388.5,16,Merchant,0
23,477.8,3,App,0
24,609,11,USSD,1
25,626.6,2,Agent,0
26,818.9,17,Merchant,0
27,64.9,7,USSD,0
28,861.8,0,App,0
29,805.3,18,USSD,0
30,863.9,18,USSD,0
31,212.2,12,App,0
32,286.4,23,Agent,0
33,542.2,14,Merchant,0
34,812.9,8,Agent,0
35,418.5,1,App,0
36,421.8,2,USSD,0
37,742.8,14,USSD,0
38,670,23,App,0
39,289,19,Merchant,0
40,77.8,10,Merchant,1
41,753.8,11,Agent,0
42,772.7,17,App,0
43,589.4,3,Agent,0
44,205.1,1,Merchant,0
45,626.9,11,USSD,0
46,601.2,19,USSD,1
47,24.6,8,App,0
48,652.9,8,Agent,0
49,36.8,17,USSD,0
50,126.6,6,Agent,0
51,524,2,USSD,0
52,436.3,23,Agent,0
53,8.9,13,USSD,0
54,429.7,9,Agent,0
55,261.5,5,Merchant,0
56,127.2,19,Agent,0
57,159.6,6,App,0
58,581,2,Agent,0
59,451,15,Agent,0
60,144.5,11,Merchant,1
61,637.4,20,App,0
62,591.1,12,USSD,0
63,832.3,3,App,0
64,491.2,3,USSD,0
65,68,8,USSD,0
66,27.6,1,App,0
67,612.2,14,Merchant,0
68,507.8,2,Agent,0
69,260.9,21,Merchant,0
70,34,13,Agent,0
71,174,11,App,0
72,12.2,5,App,0
73,266.7,9,Agent,0
74,681.7,19,USSD,0
75,656.3,9,App,0
76,236.1,13,Merchant,0
77,789,8,Merchant,0
78,165.4,7,USSD,0
79,641.2,13,Merchant,0
80,341.1,15,USSD,0
81,397.5,18,USSD,0
82,46.3,0,App,1
83,165.2,10,USSD,0
84,311.5,4,Merchant,0
85,497.1,20,App,0
86,402.2,18,Agent,0
87,37.7,17,USSD,0
88,684.4,9,Merchant,0
89,554.8,8,Merchant,0
90,896.9,2,Merchant,0
91,475.5,14,USSD,1
92,441.5,10,Merchant,0
93,75.8,21,App,0
94,585.7,17,Agent,0
95,42.8,18,USSD,0
96,402.5,20,Agent,0
97,696.7,3,Agent,0
98,490.9,15,Agent,0
99,334.3,15,Agent,0
100,583.7,0,App,0
101,432.4,17,App,0
102,564.6,20,App,0
103,185.6,3,USSD,1
104,800,10,App,0
105,751,5,USSD,0
106,679.2,4,App,0
107,530.5,11,App,0
108,93.9,23,Merchant,0
109,147.7,22,Merchant,0
110,890.8,16,USSD,0
111,899,10,Agent,0
112,818.5,21,USSD,0
113,851.6,6,App,0
114,16.7,4,Merchant,0
115,165.1,19,Agent,1
116,754.9,4,App,0
117,823.6,16,Merchant,0
118,591.7,21,Agent,0
119,552.7,0,USSD,1
120,511,19,Agent,0
121,22.9,14,Agent,0
122,558.4,0,App,0
123,746.2,12,App,0
124,377.5,1,USSD,0
125,60.1,16,Agent,0
126,752.9,0,USSD,0
127,382.6,6,Agent,0
128,522.1,17,Agent,0
129,573.8,0,Merchant,0
130,13,23,Merchant,1
131,371,12,Agent,0
132,333,20,App,0
133,438.3,20,Agent,1
134,241.8,15,App,0
135,559.8,7,Agent,0
136,453.7,3,Agent,1
137,126.3,0,Agent,0
138,849,16,Merchant,0
139,866.7,6,Agent,0
140,263.7,23,Merchant,0
141,583.5,17,App,0
142,633.6,22,USSD,0
143,412.7,2,App,0
144,285.4,16,Agent,0
145,356.7,12,Agent,0
146,750,10,App,0
147,425,21,Agent,0
148,470.8,19,Agent,0
149,237,0,Merchant,0
150,46.6,21,Merchant,0
151,376.8,23,USSD,0
152,716.6,12,USSD,0
153,588.9,7,USSD,0
154,414.3,0,Agent,0
155,359.4,6,Agent,0
156,718.7,6,USSD,0
157,667.4,6,App,0
158,242.6,3,Agent,0
159,842,11,USSD,0
160,666.3,18,Merchant,0
161,573.4,22,Agent,0
162,234.3,18,USSD,0
163,450,14,USSD,0
164,564.6,15,USSD,1
165,605,8,USSD,0
166,353.2,6,USSD,0
167,683.3,4,App,0
168,302.1,9,App,0
169,183.1,0,USSD,0
170,773.3,0,App,0
171,890.8,7,Agent,0
172,671.9,8,App,0
173,254.6,0,USSD,1
174,388.9,19,App,0
175,409.1,21,Merchant,0
176,862.4,19,Agent,1
177,131.2,17,App,0
178,792.9,3,Agent,0
179,166.7,12,App,1
180,152.4,7,Merchant,0
181,212.6,15,USSD,0
182,53.6,19,App,0
183,43.8,7,USSD,0
184,686.8,17,USSD,0
185,792.9,7,App,0
186,191.3,18,Merchant,0
187,71.2,10,Merchant,0
188,89.7,3,Merchant,0
189,175.3,23,Agent,0
190,780.9,19,USSD,1
