district,week,rain_mm,cases
Tolon,2026-08-31,614.8,71
Tolon,2026-08-26,637.9,248
Savelugu,2026-07-17,869.3,43
Gushegu,2026-09-05,313.3,145
Yendi,2026-09-29,237.9,92
Gushegu,2026-09-23,311.1,330
Tolon,2026-07-24,653.8,314
Savelugu,2026-07-22,147.2,350
Kumbungu,2026-08-06,696.3,224
Savelugu,2026-07-14,607.8,144
Tamale,2026-09-30,771.6,296
Kumbungu,2026-09-19,806.1,190
Tamale,2026-09-29,483,107
Gushegu,2026-10-06,823.6,230
Tamale,2026-09-14,118.7,301
Tolon,2026-08-05,111.9,268
Tamale,2026-07-21,635.4,122
Tamale,2026-07-30,144.2,210
Savelugu,2026-08-22,536.7,60
Kumbungu,2026-07-14,562.6,375
Tamale,2026-08-19,582.3,68
Tolon,2026-08-29,625.6,288
Kumbungu,2026-10-07,879.6,163
Savelugu,2026-10-03,26.1,400
Yendi,2026-07-26,508.4,249
Yendi,2026-09-13,738.2,239
Yendi,2026-09-26,699.8,148
Tolon,2026-08-09,442.6,230
Tamale,2026-10-03,590.4,234
Savelugu,2026-09-06,269.2,336
Tamale,2026-07-29,82.6,75
Tamale,2026-10-04,564.4,163
Tolon,2026-09-24,396.8,288
Savelugu,2026-08-27,274.3,27
Gushegu,2026-07-24,668,37
Savelugu,2026-08-09,114.5,337
Tamale,2026-07-19,138.9,203
Savelugu,2026-09-29,65.1,255
Kumbungu,2026-10-07,190.4,93
Yendi,2026-09-02,519.6,158
Savelugu,2026-08-23,525,153
Gushegu,2026-08-06,455.2,341
Gushegu,2026-09-15,13.5,66
Kumbungu,2026-07-31,850.3,389
Kumbungu,2026-09-04,269.4,181
Savelugu,2026-09-06,370.2,33
Yendi,2026-09-14,815.7,179
Kumbungu,2026-09-09,323.2,145
Gushegu,2026-09-30,816.8,39
Kumbungu,2026-08-24,155.8,209
Kumbungu,2026-10-07,726.9,178
Gushegu,2026-08-23,269.6,364
Savelugu,2026-07-12,645.9,181
Kumbungu,2026-08-29,145.3,168
Gushegu,2026-10-07,848.3,68
Savelugu,2026-09-11,115,175
Kumbungu,2026-09-26,140.5,141
Savelugu,2026-09-25,497,242
Yendi,2026-08-08,661.5,241
Savelugu,2026-08-14,361.3,346
Tamale,2026-08-29,3.9,216
Savelugu,2026-09-15,295,373
Tamale,2026-09-30,136.5,69
Tamale,2026-09-09,138.8,87
Gushegu,2026-08-09,824.5,50
Savelugu,2026-09-30,239.5,118
Savelugu,2026-08-12,82,282
Tamale,2026-08-08,884.6,200
Savelugu,2026-07-12,826.6,206
Tamale,2026-08-26,776.5,275
Yendi,2026-07-24,519.1,191
Gushegu,2026-08-28,661.8,145
Kumbungu,2026-07-27,602.2,174
Tamale,2026-09-23,460.3,84
Savelugu,2026-08-20,78.6,313
Tolon,2026-08-02,745,30
Kumbungu,2026-09-25,774,100
Tamale,2026-08-31,713.4,62
Tamale,2026-08-17,534.4,297
Yendi,2026-07-20,544.9,392
Gushegu,2026-08-22,662.9,259
Kumbungu,2026-07-28,105.3,30
Kumbungu,2026-10-04,104.8,92
Gushegu,2026-10-05,761.6,95
Yendi,2026-08-16,675,168
Gushegu,2026-10-03,39.8,90
Yendi,2026-08-08,737.8,287
Tamale,2026-08-24,603.1,322
Kumbungu,2026-07-26,212.1,38
Yendi,2026-09-10,679.1,109
Yendi,2026-07-22,273.4,223
Gushegu,2026-09-27,657.8,318
Tolon,2026-07-20,136.5,306
Gushegu,2026-08-30,58.4,330
Yendi,2026-08-19,207.2,216
Savelugu,2026-08-15,598.8,228
Tamale,2026-09-12,702.8,254
Yendi,2026-08-13,353.3,51
Tamale,2026-08-25,435.5,95
Tamale,2026-09-19,164,335
Kumbungu,2026-07-27,642.4,230
Gushegu,2026-07-23,787.5,264
Gushegu,2026-08-14,830.1,153
Kumbungu,2026-09-16,571.5,343
Yendi,2026-09-27,12.4,317
Savelugu,2026-07-22,198.1,366
Savelugu,2026-07-23,281.4,238
Tamale,2026-08-20,486.9,314
Gushegu,2026-07-19,87.1,317
Tolon,2026-08-21,496.3,97
Yendi,2026-09-09,731.6,122
Gushegu,2026-09-03,492.8,322
Tamale,2026-09-02,524.4,217
Savelugu,2026-10-04,338.1,76
Gushegu,2026-08-17,605.2,190
Savelugu,2026-07-11,363.9,241
Yendi,2026-09-22,272.8,281
Tolon,2026-08-05,422.2,389
Yendi,2026-08-02,586.1,324
Gushegu,2026-08-03,857.6,178
Kumbungu,2026-07-30,669.9,46
Gushegu,2026-08-11,358.5,317
Yendi,2026-08-14,189.7,233
Kumbungu,2026-07-15,542.2,126
Tamale,2026-09-24,769.5,63
Tamale,2026-07-29,638,77
Kumbungu,2026-09-11,204.8,277
Tolon,2026-08-20,505.6,54
Kumbungu,2026-10-03,8.6,297
Gushegu,2026-08-07,274.9,394
Yendi,2026-08-14,698.3,113
Yendi,2026-09-02,824.5,63
Savelugu,2026-09-14,630.4,287
Yendi,2026-08-14,172.4,258
Kumbungu,2026-09-12,522.1,95
Yendi,2026-09-11,838,175
Gushegu,2026-09-05,514.3,110
Tolon,2026-07-30,777.1,216
Tolon,2026-07-23,801.8,388
Tolon,2026-08-21,692.3,25
Tamale,2026-09-25,194.4,215
Kumbungu,2026-08-26,271.1,127
Savelugu,2026-08-15,316.1,245
Kumbungu,2026-09-05,779.8,318
Gushegu,2026-09-01,136.6,156
Gushegu,2026-09-01,736,302
Yendi,2026-09-17,448.3,35
Savelugu,2026-09-19,648,325
Kumbungu,2026-08-24,160.5,319
Tolon,2026-08-28,755.2,177
